# LST, Quality Flags, Datetime
# 2009
-8000,44,200906010000
-8000,60,200906010015
-8000,60,200906010030
-8000,60,200906010045
-8000,60,200906010100
-8000,60,200906010115
-8000,12,200906010130
-8000,44,200906010145
-8000,44,200906010200
-8000,44,200906010215
-8000,60,200906010230
-8000,60,200906010245
-8000,60,200906010300
-8000,60,200906010315
-8000,60,200906010330
-8000,60,200906010345
-8000,60,200906010400
-8000,60,200906010415
-8000,60,200906010430
-8000,60,200906010445
-8000,60,200906010500
-8000,60,200906010515
-8000,60,200906010530
-8000,60,200906010545
-8000,60,200906010600
-8000,60,200906010615
-8000,60,200906010630
-8000,60,200906010645
-8000,60,200906010700
-8000,60,200906010715
-8000,60,200906010730
-8000,60,200906010745
-8000,60,200906010800
-8000,60,200906010815
-8000,60,200906010830
-8000,60,200906010845
-8000,60,200906010900
-8000,60,200906010915
-8000,60,200906010930
-8000,44,200906010945
-8000,60,200906011000
-8000,60,200906011015
-8000,60,200906011030
-8000,60,200906011045
-8000,60,200906011100
-8000,60,200906011115
-8000,12,200906011130
-8000,60,200906011145
-8000,60,200906011200
-8000,60,200906011215
-8000,60,200906011230
-8000,60,200906011245
-8000,60,200906011300
-8000,60,200906011315
-8000,60,200906011330
-8000,60,200906011345
-8000,60,200906011400
-8000,60,200906011415
-8000,60,200906011430
-8000,60,200906011445
-8000,60,200906011500
-8000,60,200906011515
-9999,-9999,200906011530
-9999,-9999,200906011545
-8000,60,200906011600
-8000,60,200906011615
-8000,60,200906011630
-8000,60,200906011645
-8000,60,200906011700
-8000,60,200906011715
-8000,60,200906011730
-8000,60,200906011745
-8000,60,200906011800
-8000,60,200906011815
-8000,60,200906011830
-8000,60,200906011845
-8000,60,200906011900
-8000,60,200906011915
-8000,60,200906011930
-8000,60,200906011945
1424,10014,200906012000
1663,10014,200906012015
1558,10014,200906012030
1386,10014,200906012045
1366,10014,200906012100
1241,10014,200906012115
975,10014,200906012130
1425,10014,200906012145
1411,10014,200906012200
1626,10014,200906012215
-8000,60,200906012230
1146,10014,200906012245
-8000,60,200906012300
-8000,60,200906012315
-8000,60,200906012330
-8000,60,200906012345
-8000,60,200906020000
-8000,60,200906020015
-8000,60,200906020030
-8000,44,200906020045
-8000,60,200906020100
-8000,60,200906020115
-8000,60,200906020130
-8000,60,200906020145
-8000,60,200906020200
-8000,60,200906020215
-8000,44,200906020230
-8000,44,200906020245
-8000,60,200906020300
-8000,60,200906020315
-8000,60,200906020330
-8000,60,200906020345
-8000,60,200906020400
-8000,60,200906020415
-8000,60,200906020430
-8000,60,200906020445
-8000,60,200906020500
-8000,60,200906020515
-8000,60,200906020530
-8000,60,200906020545
-8000,60,200906020600
-8000,60,200906020615
-8000,60,200906020630
-8000,60,200906020645
-8000,60,200906020700
-8000,60,200906020715
-8000,60,200906020730
-8000,60,200906020745
-8000,60,200906020800
-8000,60,200906020815
-8000,60,200906020830
-8000,60,200906020845
-8000,60,200906020900
-8000,60,200906020915
-8000,60,200906020930
-8000,60,200906020945
-8000,60,200906021000
-8000,60,200906021015
-8000,60,200906021030
-8000,60,200906021045
-8000,60,200906021100
-8000,60,200906021115
-8000,60,200906021130
-8000,60,200906021145
-8000,60,200906021200
-8000,60,200906021215
-8000,60,200906021230
-8000,60,200906021245
-8000,60,200906021300
-8000,60,200906021315
-8000,60,200906021330
-8000,60,200906021345
-8000,60,200906021400
-8000,44,200906021415
-8000,44,200906021430
-9999,-9999,200906021445
-8000,44,200906021500
-8000,60,200906021515
-8000,60,200906021530
-8000,44,200906021545
-8000,60,200906021600
-8000,44,200906021615
-8000,44,200906021630
-8000,44,200906021645
-8000,44,200906021700
-8000,60,200906021715
-8000,60,200906021730
-8000,60,200906021745
-8000,60,200906021800
-8000,60,200906021815
-8000,60,200906021830
-8000,60,200906021845
-8000,60,200906021900
-8000,60,200906021915
-8000,60,200906021930
-8000,60,200906021945
-8000,60,200906022000
-8000,60,200906022015
-8000,60,200906022030
-8000,60,200906022045
-8000,60,200906022100
-8000,44,200906022115
-8000,44,200906022130
-8000,44,200906022145
-8000,60,200906022200
-8000,44,200906022215
-8000,60,200906022230
-8000,60,200906022245
-8000,60,200906022300
1353,10014,200906022315
1158,10014,200906022330
-8000,44,200906022345
-8000,44,200906030000
-8000,44,200906030015
-8000,60,200906030030
1095,10014,200906030045
1263,10014,200906030100
1240,10014,200906030115
1290,10014,200906030130
1212,10014,200906030145
1219,10014,200906030200
1170,10014,200906030215
1046,10014,200906030230
1080,10014,200906030245
1111,10014,200906030300
1017,10014,200906030315
1065,10014,200906030330
1111,10014,200906030345
1154,10014,200906030400
1285,10014,200906030415
1341,10014,200906030430
1396,10014,200906030445
1538,10014,200906030500
1643,10014,200906030515
1769,10014,200906030530
1883,10014,200906030545
1910,10014,200906030600
1986,10014,200906030615
2075,10014,200906030630
2219,10014,200906030645
2268,10014,200906030700
2326,10014,200906030715
2458,10014,200906030730
2547,10014,200906030745
2676,10014,200906030800
2713,10014,200906030815
2800,10014,200906030830
2863,10014,200906030845
2902,10014,200906030900
2892,10014,200906030915
-9999,-9999,200906030930
-9999,-9999,200906030945
-9999,-9999,200906031000
-9999,-9999,200906031015
3119,10014,200906031030
3048,10014,200906031045
2928,10014,200906031100
3114,10014,200906031115
3120,10014,200906031130
3167,10014,200906031145
2879,10014,200906031200
2949,10014,200906031215
3025,10014,200906031230
3007,10014,200906031245
2958,10014,200906031300
2944,10014,200906031315
2962,10014,200906031330
2923,10014,200906031345
2860,10014,200906031400
2959,10014,200906031415
2883,10014,200906031430
-8000,44,200906031445
-8000,44,200906031500
-8000,44,200906031515
-8000,44,200906031530
-8000,44,200906031545
-8000,44,200906031600
-8000,44,200906031615
-8000,60,200906031630
-8000,60,200906031645
-8000,60,200906031700
-8000,60,200906031715
-8000,60,200906031730
-8000,44,200906031745
-8000,44,200906031800
-8000,60,200906031815
-8000,44,200906031830
-8000,60,200906031845
-8000,60,200906031900
-8000,44,200906031915
-8000,60,200906031930
-8000,60,200906031945
-8000,44,200906032000
-8000,44,200906032015
1631,10014,200906032030
-8000,44,200906032045
-8000,44,200906032100
1472,10014,200906032115
1445,10014,200906032130
-8000,44,200906032145
-8000,60,200906032200
1395,10014,200906032215
1341,10014,200906032230
1432,10014,200906032245
1066,10014,200906032300
1172,10014,200906032315
1172,10014,200906032330
1361,10014,200906032345
1287,10014,200906040000
1385,10014,200906040015
1347,10014,200906040030
1376,10014,200906040045
1343,10014,200906040100
1362,10014,200906040115
1362,10014,200906040130
1285,10014,200906040145
1331,10014,200906040200
1316,10014,200906040215
1302,10014,200906040230
1257,10014,200906040245
1180,10014,200906040300
1180,10014,200906040315
1257,10014,200906040330
1316,10014,200906040345
1296,10014,200906040400
1500,10014,200906040415
1586,10014,200906040430
-8000,60,200906040445
-8000,60,200906040500
-8000,60,200906040515
-8000,60,200906040530
1931,10014,200906040545
2064,10014,200906040600
2084,10014,200906040615
2179,10014,200906040630
2218,10014,200906040645
-8000,60,200906040700
-8000,60,200906040715
-8000,60,200906040730
-8000,44,200906040745
-8000,60,200906040800
2384,10014,200906040815
2524,10014,200906040830
2478,10014,200906040845
2443,10014,200906040900
2254,10014,200906040915
2427,10014,200906040930
-8000,44,200906040945
-8000,44,200906041000
-8000,12,200906041015
-8000,44,200906041030
-8000,44,200906041045
2274,10014,200906041100
2730,10014,200906041115
-8000,44,200906041130
2901,10014,200906041145
3195,10014,200906041200
3175,10014,200906041215
3183,10014,200906041230
3205,10014,200906041245
3283,10014,200906041300
3309,10014,200906041315
3085,10014,200906041330
3119,10014,200906041345
3063,10014,200906041400
3018,10014,200906041415
2975,10014,200906041430
2909,10014,200906041445
2885,10014,200906041500
2796,10014,200906041515
2706,10014,200906041530
2640,10014,200906041545
2583,10014,200906041600
2535,10014,200906041615
2398,10014,200906041630
2317,10014,200906041645
2269,10014,200906041700
2199,10014,200906041715
2058,10014,200906041730
2091,10014,200906041745
1911,10014,200906041800
1876,10014,200906041815
1837,10014,200906041830
1727,10014,200906041845
1716,10014,200906041900
1677,10014,200906041915
1663,10014,200906041930
1582,10014,200906041945
1723,10014,200906042000
1761,10014,200906042015
1651,10014,200906042030
1566,10014,200906042045
1602,10014,200906042100
1602,10014,200906042115
1587,10014,200906042130
1587,10014,200906042145
1552,10014,200906042200
1538,10014,200906042215
1468,10014,200906042230
1552,10014,200906042245
1552,10014,200906042300
-8000,12,200906042315
1492,10014,200906042330
1407,10014,200906042345
-8000,60,200906050000
1425,10014,200906050015
1371,10014,200906050030
1437,10014,200906050045
1416,10014,200906050100
1362,10014,200906050115
1350,10014,200906050130
1374,10014,200906050145
1349,10014,200906050200
1273,10014,200906050215
-8000,44,200906050230
-8000,60,200906050245
-8000,44,200906050300
-8000,60,200906050315
-8000,60,200906050330
1534,10014,200906050345
1475,10014,200906050400
1411,10014,200906050415
-8000,60,200906050430
-8000,44,200906050445
1534,10014,200906050500
-8000,44,200906050515
-8000,60,200906050530
-8000,44,200906050545
-8000,60,200906050600
-8000,60,200906050615
-8000,60,200906050630
-8000,60,200906050645
-8000,60,200906050700
-8000,60,200906050715
-8000,60,200906050730
-8000,60,200906050745
-8000,60,200906050800
-8000,60,200906050815
-8000,44,200906050830
-8000,44,200906050845
-8000,44,200906050900
-8000,44,200906050915
-8000,44,200906050930
-8000,44,200906050945
-8000,44,200906051000
-8000,44,200906051015
-8000,44,200906051030
-8000,44,200906051045
-8000,44,200906051100
-8000,44,200906051115
-8000,44,200906051130
-8000,44,200906051145
2997,10014,200906051200
3190,10014,200906051215
-8000,44,200906051230
3190,10014,200906051245
-8000,44,200906051300
3244,10014,200906051315
3007,10014,200906051330
3164,10014,200906051345
3100,10014,200906051400
2880,10014,200906051415
-8000,44,200906051430
-8000,44,200906051445
-8000,44,200906051500
-8000,44,200906051515
-8000,44,200906051530
2443,10014,200906051545
2513,10014,200906051600
2385,10014,200906051615
2399,10014,200906051630
2234,10014,200906051645
2188,10014,200906051700
2054,10014,200906051715
-8000,44,200906051730
-8000,44,200906051745
1732,10014,200906051800
1864,10014,200906051815
1845,10014,200906051830
-8000,60,200906051845
-8000,44,200906051900
-8000,60,200906051915
1665,10014,200906051930
1570,10014,200906051945
1556,10014,200906052000
1604,10014,200906052015
1545,10014,200906052030
1664,10014,200906052045
1611,10014,200906052100
1626,10014,200906052115
1520,10014,200906052130
1626,10014,200906052145
1569,10014,200906052200
1505,10014,200906052215
1505,10014,200906052230
1459,10014,200906052245
1504,10014,200906052300
1515,10014,200906052315
-8000,44,200906052330
-8000,44,200906052345
1495,10014,200906060000
1462,10014,200906060015
-8000,60,200906060030
-8000,44,200906060045
1370,10014,200906060100
-8000,60,200906060115
-8000,44,200906060130
-8000,44,200906060145
1091,10014,200906060200
1521,10014,200906060215
1497,10014,200906060230
1497,10014,200906060245
-8000,60,200906060300
-8000,60,200906060315
-8000,60,200906060330
-8000,60,200906060345
-8000,44,200906060400
-8000,60,200906060415
-8000,44,200906060430
-8000,44,200906060445
-8000,60,200906060500
-8000,44,200906060515
1822,10014,200906060530
-8000,44,200906060545
-8000,60,200906060600
2315,10014,200906060615
2348,10014,200906060630
-8000,60,200906060645
-8000,44,200906060700
-8000,44,200906060715
-8000,44,200906060730
2790,10014,200906060745
3037,10014,200906060800
3002,10014,200906060815
3189,10014,200906060830
3160,10014,200906060845
-8000,44,200906060900
-8000,44,200906060915
-8000,44,200906060930
-8000,60,200906060945
-8000,60,200906061000
-8000,60,200906061015
-8000,44,200906061030
-8000,60,200906061045
-8000,44,200906061100
-8000,60,200906061115
-8000,60,200906061130
-8000,60,200906061145
-8000,60,200906061200
-8000,44,200906061215
-8000,44,200906061230
-8000,44,200906061245
-8000,44,200906061300
-8000,44,200906061315
-8000,44,200906061330
-8000,44,200906061345
2877,10014,200906061400
-8000,60,200906061415
-8000,44,200906061430
2660,10014,200906061445
3044,10014,200906061500
2939,10014,200906061515
2716,10014,200906061530
-8000,60,200906061545
-8000,44,200906061600
2408,10014,200906061615
-8000,44,200906061630
-8000,44,200906061645
-8000,60,200906061700
-8000,60,200906061715
-8000,44,200906061730
2029,10014,200906061745
-8000,60,200906061800
-8000,44,200906061815
-8000,60,200906061830
1834,10014,200906061845
1758,10014,200906061900
1396,10014,200906061915
-8000,60,200906061930
1648,10014,200906061945
1633,10014,200906062000
1587,10014,200906062015
1489,10014,200906062030
1609,10014,200906062045
1644,10014,200906062100
1524,10014,200906062115
1630,10014,200906062130
1555,10014,200906062145
1630,10014,200906062200
1554,10014,200906062215
1530,10014,200906062230
1665,10014,200906062245
1665,10014,200906062300
1513,10014,200906062315
1555,10014,200906062330
1530,10014,200906062345
1545,10014,200906070000
1555,10014,200906070015
1509,10014,200906070030
1509,10014,200906070045
1474,10014,200906070100
1446,10014,200906070115
1459,10014,200906070130
1444,10014,200906070145
1430,10014,200906070200
1538,10014,200906070215
1366,10014,200906070230
1439,10014,200906070245
1583,10014,200906070300
1449,10014,200906070315
1449,10014,200906070330
1399,10014,200906070345
1475,10014,200906070400
1683,10014,200906070415
1723,10014,200906070430
1844,10014,200906070445
1880,10014,200906070500
2015,10014,200906070515
-8000,44,200906070530
2170,10014,200906070545
2312,10014,200906070600
2453,10014,200906070615
2524,10014,200906070630
-8000,44,200906070645
-8000,44,200906070700
-8000,44,200906070715
-8000,60,200906070730
-8000,60,200906070745
-8000,44,200906070800
3134,10014,200906070815
3330,10014,200906070830
3430,10014,200906070845
-8000,44,200906070900
-8000,60,200906070915
-8000,60,200906070930
-8000,44,200906070945
-8000,60,200906071000
-8000,60,200906071015
-8000,60,200906071030
-8000,60,200906071045
-8000,60,200906071100
-8000,60,200906071115
-8000,60,200906071130
-8000,60,200906071145
-8000,60,200906071200
-8000,60,200906071215
-8000,60,200906071230
-8000,44,200906071245
-8000,44,200906071300
-8000,44,200906071315
-8000,44,200906071330
-8000,44,200906071345
-8000,60,200906071400
-8000,60,200906071415
-8000,12,200906071430
-8000,60,200906071445
-8000,60,200906071500
-8000,44,200906071515
2676,10014,200906071530
-8000,44,200906071545
-8000,44,200906071600
-8000,44,200906071615
-8000,44,200906071630
-8000,60,200906071645
-8000,60,200906071700
-8000,44,200906071715
-8000,44,200906071730
-8000,44,200906071745
-8000,44,200906071800
1715,10014,200906071815
-8000,44,200906071830
-8000,60,200906071845
-8000,60,200906071900
1823,10014,200906071915
1747,10014,200906071930
1778,10014,200906071945
1722,10014,200906072000
1645,10014,200906072015
1676,10014,200906072030
1606,10014,200906072045
1533,10014,200906072100
1487,10014,200906072115
1456,10014,200906072130
1535,10014,200906072145
1504,10014,200906072200
1504,10014,200906072215
1462,10014,200906072230
1504,10014,200906072245
1431,10014,200906072300
1442,10014,200906072315
1442,10014,200906072330
1456,10014,200906072345
-8000,60,200906080000
-8000,60,200906080015
-8000,60,200906080030
-8000,60,200906080045
1567,10014,200906080100
1598,10014,200906080115
1536,10014,200906080130
1128,10014,200906080145
1281,10014,200906080200
1334,10014,200906080215
-8000,60,200906080230
1034,10014,200906080245
1128,10014,200906080300
-8000,60,200906080315
1452,10014,200906080330
1497,10014,200906080345
1511,10014,200906080400
1536,10014,200906080415
1607,10014,200906080430
1748,10014,200906080445
1844,10014,200906080500
1967,10014,200906080515
1999,10014,200906080530
2108,10014,200906080545
2227,10014,200906080600
2269,10014,200906080615
2472,10014,200906080630
2584,10014,200906080645
2665,10014,200906080700
2805,10014,200906080715
2840,10014,200906080730
3010,10014,200906080745
3084,10014,200906080800
3180,10014,200906080815
3338,10014,200906080830
3375,10014,200906080845
3388,10014,200906080900
3513,10014,200906080915
3534,10014,200906080930
3564,10014,200906080945
3624,10014,200906081000
3540,10014,200906081015
3554,10014,200906081030
3496,10014,200906081045
3507,10014,200906081100
3470,10014,200906081115
3425,10014,200906081130
3274,10014,200906081145
3601,10014,200906081200
3434,10014,200906081215
3626,10014,200906081230
3296,10014,200906081245
3524,10014,200906081300
3518,10014,200906081315
3421,10014,200906081330
3431,10014,200906081345
3344,10014,200906081400
3340,10014,200906081415
3229,10014,200906081430
3147,10014,200906081445
3151,10014,200906081500
3021,10014,200906081515
2978,10014,200906081530
2843,10014,200906081545
2854,10014,200906081600
2781,10014,200906081615
2653,10014,200906081630
2538,10014,200906081645
2519,10014,200906081700
2419,10014,200906081715
2239,10014,200906081730
2311,10014,200906081745
2063,10014,200906081800
2014,10014,200906081815
1891,10014,200906081830
1895,10014,200906081845
1838,10014,200906081900
1827,10014,200906081915
1785,10014,200906081930
1740,10014,200906081945
1831,10014,200906082000
1727,10014,200906082015
1744,10014,200906082030
1691,10014,200906082045
1691,10014,200906082100
1819,10014,200906082115
1783,10014,200906082130
1735,10014,200906082145
-9999,-9999,200906082200
-9999,-9999,200906082215
-9999,-9999,200906082230
-9999,-9999,200906082245
-9999,-9999,200906082300
-9999,-9999,200906082315
-9999,-9999,200906082330
-9999,-9999,200906082345
-9999,-9999,200906090000
-9999,-9999,200906090015
-9999,-9999,200906090030
-9999,-9999,200906090045
-9999,-9999,200906090100
-9999,-9999,200906090115
-9999,-9999,200906090130
-9999,-9999,200906090145
-9999,-9999,200906090200
-9999,-9999,200906090215
-9999,-9999,200906090230
-9999,-9999,200906090245
-9999,-9999,200906090300
-9999,-9999,200906090315
-9999,-9999,200906090330
-9999,-9999,200906090345
-9999,-9999,200906090400
-9999,-9999,200906090415
-9999,-9999,200906090430
-9999,-9999,200906090445
-9999,-9999,200906090500
-9999,-9999,200906090515
-9999,-9999,200906090530
-9999,-9999,200906090545
-9999,-9999,200906090600
-9999,-9999,200906090615
-9999,-9999,200906090630
-9999,-9999,200906090645
-9999,-9999,200906090700
-9999,-9999,200906090715
-9999,-9999,200906090730
-9999,-9999,200906090745
-9999,-9999,200906090800
-9999,-9999,200906090815
-9999,-9999,200906090830
-9999,-9999,200906090845
3587,10014,200906090900
3737,10014,200906090915
-8000,44,200906090930
-8000,44,200906090945
-8000,44,200906091000
3736,10014,200906091015
3383,10014,200906091030
-8000,44,200906091045
-8000,60,200906091100
-8000,44,200906091115
4127,10014,200906091130
4047,10014,200906091145
3787,10014,200906091200
3839,10014,200906091215
-8000,44,200906091230
3727,10014,200906091245
3802,10014,200906091300
3796,10014,200906091315
3747,10014,200906091330
-8000,44,200906091345
-8000,44,200906091400
-8000,44,200906091415
-8000,44,200906091430
-8000,44,200906091445
-8000,44,200906091500
-8000,44,200906091515
3122,10014,200906091530
3033,10014,200906091545
3000,10014,200906091600
2786,10014,200906091615
2550,10014,200906091630
2494,10014,200906091645
2411,10014,200906091700
2261,10014,200906091715
2280,10014,200906091730
-8000,44,200906091745
-8000,44,200906091800
-8000,60,200906091815
1493,10014,200906091830
-8000,60,200906091845
1804,10014,200906091900
1782,10014,200906091915
-8000,60,200906091930
-8000,44,200906091945
1849,10014,200906092000
1800,10014,200906092015
1750,10014,200906092030
1656,10014,200906092045
-8000,44,200906092100
-8000,44,200906092115
-8000,44,200906092130
-8000,44,200906092145
-8000,44,200906092200
-8000,44,200906092215
-8000,44,200906092230
-8000,60,200906092245
-8000,60,200906092300
-8000,60,200906092315
1809,10014,200906092330
-8000,44,200906092345
-8000,44,200906100000
-8000,44,200906100015
-8000,44,200906100030
-8000,44,200906100045
-8000,60,200906100100
-8000,44,200906100115
-8000,44,200906100130
1149,10014,200906100145
-8000,44,200906100200
-8000,44,200906100215
1584,10014,200906100230
1661,10014,200906100245
1661,10014,200906100300
1676,10014,200906100315
1625,10014,200906100330
-8000,60,200906100345
1555,10014,200906100400
-8000,44,200906100415
-8000,44,200906100430
-8000,44,200906100445
1788,10014,200906100500
2090,10014,200906100515
-8000,44,200906100530
-8000,44,200906100545
-8000,44,200906100600
-8000,44,200906100615
2536,10014,200906100630
2686,10014,200906100645
-8000,44,200906100700
2847,10014,200906100715
-8000,44,200906100730
3082,10014,200906100745
-8000,44,200906100800
-8000,44,200906100815
-8000,44,200906100830
-8000,44,200906100845
3424,10014,200906100900
3279,10014,200906100915
3601,10014,200906100930
-8000,44,200906100945
3381,10014,200906101000
3728,10014,200906101015
3867,10014,200906101030
3915,10014,200906101045
3977,10014,200906101100
3813,10014,200906101115
-8000,44,200906101130
-8000,44,200906101145
-8000,60,200906101200
-8000,44,200906101215
-8000,44,200906101230
-8000,44,200906101245
-8000,44,200906101300
3273,10014,200906101315
-8000,12,200906101330
-8000,44,200906101345
-8000,44,200906101400
-8000,44,200906101415
3268,10014,200906101430
3266,10014,200906101445
2886,10014,200906101500
-8000,44,200906101515
-8000,44,200906101530
2885,10014,200906101545
2956,10014,200906101600
-8000,44,200906101615
2661,10014,200906101630
-8000,44,200906101645
2317,10014,200906101700
2436,10014,200906101715
2262,10014,200906101730
2311,10014,200906101745
2220,10014,200906101800
2154,10014,200906101815
2105,10014,200906101830
2024,10014,200906101845
1922,10014,200906101900
1957,10014,200906101915
1926,10014,200906101930
1827,10014,200906101945
1831,10014,200906102000
1851,10014,200906102015
1845,10014,200906102030
1775,10014,200906102045
1835,10014,200906102100
1835,10014,200906102115
1750,10014,200906102130
1813,10014,200906102145
1767,10014,200906102200
1663,10014,200906102215
1711,10014,200906102230
1655,10014,200906102245
1703,10014,200906102300
1629,10014,200906102315
1573,10014,200906102330
1545,10014,200906102345
1534,10014,200906110000
1505,10014,200906110015
1449,10014,200906110030
1466,10014,200906110045
1466,10014,200906110100
1440,10014,200906110115
1409,10014,200906110130
1378,10014,200906110145
1395,10014,200906110200
1409,10014,200906110215
1497,10014,200906110230
1480,10014,200906110245
1494,10014,200906110300
1536,10014,200906110315
1519,10014,200906110330
1494,10014,200906110345
1627,10014,200906110400
1646,10014,200906110415
-8000,60,200906110430
-8000,60,200906110445
-8000,60,200906110500
-8000,60,200906110515
2077,10014,200906110530
2287,10014,200906110545
2377,10014,200906110600
2479,10014,200906110615
2633,10014,200906110630
2791,10014,200906110645
2888,10014,200906110700
2975,10014,200906110715
3045,10014,200906110730
3140,10014,200906110745
3252,10014,200906110800
3431,10014,200906110815
3483,10014,200906110830
3528,10014,200906110845
3671,10014,200906110900
3735,10014,200906110915
3753,10014,200906110930
3786,10014,200906110945
3808,10014,200906111000
3808,10014,200906111015
3890,10014,200906111030
3970,10014,200906111045
3927,10014,200906111100
3918,10014,200906111115
3827,10014,200906111130
3913,10014,200906111145
3880,10014,200906111200
3892,10014,200906111215
3736,10014,200906111230
3727,10014,200906111245
3759,10014,200906111300
3698,10014,200906111315
3656,10014,200906111330
3610,10014,200906111345
3474,10014,200906111400
3422,10014,200906111415
3284,10014,200906111430
3206,10014,200906111445
-8000,44,200906111500
3044,10014,200906111515
3110,10014,200906111530
3001,10014,200906111545
2854,10014,200906111600
2912,10014,200906111615
2810,10014,200906111630
2641,10014,200906111645
2494,10014,200906111700
-8000,44,200906111715
2249,10014,200906111730
2274,10014,200906111745
2204,10014,200906111800
2234,10014,200906111815
1899,10014,200906111830
-8000,60,200906111845
-8000,44,200906111900
-8000,44,200906111915
1793,10014,200906111930
1900,10014,200906111945
1843,10014,200906112000
1811,10014,200906112015
1864,10014,200906112030
1773,10014,200906112045
1758,10014,200906112100
1677,10014,200906112115
1818,10014,200906112130
1723,10014,200906112145
1624,10014,200906112200
1624,10014,200906112215
1648,10014,200906112230
1613,10014,200906112245
1609,10014,200906112300
1595,10014,200906112315
1525,10014,200906112330
1429,10014,200906112345
1525,10014,200906120000
1488,10014,200906120015
1514,10014,200906120030
1545,10014,200906120045
1534,10014,200906120100
1472,10014,200906120115
1412,10014,200906120130
1463,10014,200906120145
1463,10014,200906120200
1418,10014,200906120215
1480,10014,200906120230
1466,10014,200906120245
1466,10014,200906120300
1404,10014,200906120315
1435,10014,200906120330
1418,10014,200906120345
1519,10014,200906120400
1646,10014,200906120415
1700,10014,200906120430
1835,10014,200906120445
1944,10014,200906120500
2006,10014,200906120515
2276,10014,200906120530
2273,10014,200906120545
2406,10014,200906120600
2436,10014,200906120615
2647,10014,200906120630
2689,10014,200906120645
2875,10014,200906120700
2979,10014,200906120715
3115,10014,200906120730
3159,10014,200906120745
3330,10014,200906120800
3314,10014,200906120815
3482,10014,200906120830
3534,10014,200906120845
3602,10014,200906120900
3501,10014,200906120915
3631,10014,200906120930
3713,10014,200906120945
3616,10014,200906121000
3815,10014,200906121015
3803,10014,200906121030
3878,10014,200906121045
3760,10014,200906121100
3888,10014,200906121115
3867,10014,200906121130
3867,10014,200906121145
3867,10014,200906121200
3878,10014,200906121215
3867,10014,200906121230
3857,10014,200906121245
3834,10014,200906121300
3727,10014,200906121315
3792,10014,200906121330
3707,10014,200906121345
3676,10014,200906121400
3568,10014,200906121415
3647,10014,200906121430
3392,10014,200906121445
3360,10014,200906121500
3309,10014,200906121515
3178,10014,200906121530
3076,10014,200906121545
3068,10014,200906121600
2846,10014,200906121615
2867,10014,200906121630
2742,10014,200906121645
2687,10014,200906121700
2641,10014,200906121715
2502,10014,200906121730
2421,10014,200906121745
2340,10014,200906121800
2235,10014,200906121815
2175,10014,200906121830
2189,10014,200906121845
2126,10014,200906121900
2115,10014,200906121915
2101,10014,200906121930
2045,10014,200906121945
2055,10014,200906122000
1960,10014,200906122015
1925,10014,200906122030
1949,10014,200906122045
1864,10014,200906122100
1914,10014,200906122115
1900,10014,200906122130
1889,10014,200906122145
1924,10014,200906122200
1889,10014,200906122215
1900,10014,200906122230
1889,10014,200906122245
1843,10014,200906122300
1843,10014,200906122315
1748,10014,200906122330
1748,10014,200906122345
1769,10014,200906130000
1724,10014,200906130015
1738,10014,200906130030
1678,10014,200906130045
1738,10014,200906130100
1738,10014,200906130115
1647,10014,200906130130
1703,10014,200906130145
1657,10014,200906130200
1748,10014,200906130215
1633,10014,200906130230
1633,10014,200906130245
1623,10014,200906130300
1723,10014,200906130315
1653,10014,200906130330
1734,10014,200906130345
1865,10014,200906130400
1857,10014,200906130415
-8000,60,200906130430
1882,10014,200906130445
1977,10014,200906130500
-8000,60,200906130515
-8000,60,200906130530
-8000,12,200906130545
2503,10014,200906130600
2632,10014,200906130615
2742,10014,200906130630
2654,10014,200906130645
2776,10014,200906130700
2888,10014,200906130715
3001,10014,200906130730
3047,10014,200906130745
3231,10014,200906130800
3372,10014,200906130815
3363,10014,200906130830
3431,10014,200906130845
-8000,44,200906130900
-8000,44,200906130915
-8000,44,200906130930
3385,10014,200906130945
-8000,12,200906131000
-8000,44,200906131015
3653,10014,200906131030
3865,10014,200906131045
3967,10014,200906131100
3932,10014,200906131115
4034,10014,200906131130
4001,10014,200906131145
4019,10014,200906131200
3853,10014,200906131215
3840,10014,200906131230
3840,10014,200906131245
3784,10014,200906131300
3986,10014,200906131315
3917,10014,200906131330
3802,10014,200906131345
3821,10014,200906131400
3697,10014,200906131415
3644,10014,200906131430
3435,10014,200906131445
3450,10014,200906131500
3334,10014,200906131515
3334,10014,200906131530
3252,10014,200906131545
3072,10014,200906131600
3021,10014,200906131615
2814,10014,200906131630
2791,10014,200906131645
2643,10014,200906131700
2556,10014,200906131715
2510,10014,200906131730
2464,10014,200906131745
2333,10014,200906131800
2154,10014,200906131815
2107,10014,200906131830
2130,10014,200906131845
2092,10014,200906131900
2037,10014,200906131915
1968,10014,200906131930
1958,10014,200906131945
2003,10014,200906132000
1867,10014,200906132015
1922,10014,200906132030
1857,10014,200906132045
1912,10014,200906132100
1857,10014,200906132115
1976,10014,200906132130
1806,10014,200906132145
1764,10014,200906132200
1796,10014,200906132215
1727,10014,200906132230
1772,10014,200906132245
1863,10014,200906132300
1602,10014,200906132315
1793,10014,200906132330
1853,10014,200906132345
1748,10014,200906140000
1703,10014,200906140015
1693,10014,200906140030
1634,10014,200906140045
1679,10014,200906140100
1760,10014,200906140115
1791,10014,200906140130
1595,10014,200906140145
1655,10014,200906140200
1655,10014,200906140215
1655,10014,200906140230
-9999,-9999,200906140245
1641,10014,200906140300
1595,10014,200906140315
1595,10014,200906140330
1669,10014,200906140345
1729,10014,200906140400
1818,10014,200906140415
1852,10014,200906140430
-8000,60,200906140445
1930,10014,200906140500
-8000,44,200906140515
2296,10014,200906140530
2374,10014,200906140545
-8000,44,200906140600
2351,10014,200906140615
2815,10014,200906140630
2837,10014,200906140645
2918,10014,200906140700
3225,10014,200906140715
-8000,44,200906140730
-8000,44,200906140745
-8000,44,200906140800
3528,10014,200906140815
3727,10014,200906140830
3766,10014,200906140845
3844,10014,200906140900
4035,10014,200906140915
4182,10014,200906140930
4107,10014,200906140945
4149,10014,200906141000
4260,10014,200906141015
4094,10014,200906141030
4158,10014,200906141045
4137,10014,200906141100
4145,10014,200906141115
4205,10014,200906141130
4190,10014,200906141145
4199,10014,200906141200
4148,10014,200906141215
3943,10014,200906141230
3926,10014,200906141245
3996,10014,200906141300
3918,10014,200906141315
3845,10014,200906141330
3727,10014,200906141345
-8000,44,200906141400
-8000,60,200906141415
-8000,60,200906141430
-8000,60,200906141445
-8000,44,200906141500
-8000,44,200906141515
-8000,44,200906141530
-8000,44,200906141545
-8000,44,200906141600
-8000,44,200906141615
-8000,44,200906141630
2532,10014,200906141645
-8000,44,200906141700
-8000,44,200906141715
-8000,44,200906141730
-8000,44,200906141745
-8000,44,200906141800
2447,10014,200906141815
2297,10014,200906141830
2183,10014,200906141845
2160,10014,200906141900
2005,10014,200906141915
2132,10014,200906141930
2132,10014,200906141945
2122,10014,200906142000
2040,10014,200906142015
2008,10014,200906142030
1962,10014,200906142045
2065,10014,200906142100
1994,10014,200906142115
1962,10014,200906142130
1877,10014,200906142145
1899,10014,200906142200
1980,10014,200906142215
1853,10014,200906142230
1910,10014,200906142245
1931,10014,200906142300
1875,10014,200906142315
1872,10014,200906142330
1891,10014,200906142345
1710,10014,200906150000
1675,10014,200906150015
-8000,44,200906150030
-8000,44,200906150045
-8000,60,200906150100
-8000,60,200906150115
-8000,44,200906150130
-8000,44,200906150145
-8000,60,200906150200
-8000,60,200906150215
1526,10014,200906150230
1591,10014,200906150245
1582,10014,200906150300
1576,10014,200906150315
-8000,60,200906150330
-8000,44,200906150345
-8000,60,200906150400
1883,10014,200906150415
1908,10014,200906150430
2002,10014,200906150445
2098,10014,200906150500
-8000,60,200906150515
-8000,60,200906150530
2367,10014,200906150545
2508,10014,200906150600
2754,10014,200906150615
2845,10014,200906150630
2921,10014,200906150645
3035,10014,200906150700
3103,10014,200906150715
3144,10014,200906150730
3308,10014,200906150745
3394,10014,200906150800
3567,10014,200906150815
3635,10014,200906150830
3756,10014,200906150845
3720,10014,200906150900
3931,10014,200906150915
3950,10014,200906150930
3949,10014,200906150945
4076,10014,200906151000
-9999,-9999,200906151015
4142,10014,200906151030
4161,10014,200906151045
4203,10014,200906151100
4181,10014,200906151115
4255,10014,200906151130
4246,10014,200906151145
4170,10014,200906151200
4149,10014,200906151215
4134,10014,200906151230
4054,10014,200906151245
3992,10014,200906151300
3950,10014,200906151315
3907,10014,200906151330
3931,10014,200906151345
3889,10014,200906151400
3799,10014,200906151415
3698,10014,200906151430
3580,10014,200906151445
-9999,-9999,200906151500
3353,10014,200906151515
3225,10014,200906151530
3150,10014,200906151545
3084,10014,200906151600
3004,10014,200906151615
2981,10014,200906151630
2858,10014,200906151645
2790,10014,200906151700
2562,10014,200906151715
2385,10014,200906151730
2363,10014,200906151745
2220,10014,200906151800
-8000,44,200906151815
-8000,60,200906151830
-8000,44,200906151845
-8000,44,200906151900
-8000,44,200906151915
-8000,44,200906151930
-8000,44,200906151945
-8000,44,200906152000
-8000,60,200906152015
-8000,60,200906152030
1821,10014,200906152045
1834,10014,200906152100
1856,10014,200906152115
1837,10014,200906152130
1872,10014,200906152145
1860,10014,200906152200
1886,10014,200906152215
1855,10014,200906152230
1926,10014,200906152245
1907,10014,200906152300
1762,10014,200906152315
1866,10014,200906152330
1820,10014,200906152345
1809,10014,200906160000
1819,10014,200906160015
1795,10014,200906160030
1784,10014,200906160045
1759,10014,200906160100
1809,10014,200906160115
1724,10014,200906160130
1724,10014,200906160145
1759,10014,200906160200
1734,10014,200906160215
1770,10014,200906160230
1724,10014,200906160245
1688,10014,200906160300
1734,10014,200906160315
1749,10014,200906160330
1699,10014,200906160345
1773,10014,200906160400
1915,10014,200906160415
1882,10014,200906160430
1999,10014,200906160445
2133,10014,200906160500
2227,10014,200906160515
2389,10014,200906160530
2480,10014,200906160545
2620,10014,200906160600
2743,10014,200906160615
2767,10014,200906160630
2955,10014,200906160645
2988,10014,200906160700
3055,10014,200906160715
3166,10014,200906160730
-8000,12,200906160745
3385,10014,200906160800
3468,10014,200906160815
3517,10014,200906160830
3583,10014,200906160845
3667,10014,200906160900
3774,10014,200906160915
3760,10014,200906160930
3864,10014,200906160945
3915,10014,200906161000
3924,10014,200906161015
3963,10014,200906161030
4067,10014,200906161045
3982,10014,200906161100
4036,10014,200906161115
4024,10014,200906161130
4148,10014,200906161145
4132,10014,200906161200
4011,10014,200906161215
4026,10014,200906161230
4052,10014,200906161245
3981,10014,200906161300
3874,10014,200906161315
3760,10014,200906161330
3677,10014,200906161345
3604,10014,200906161400
3527,10014,200906161415
3452,10014,200906161430
3390,10014,200906161445
3295,10014,200906161500
3272,10014,200906161515
3118,10014,200906161530
3121,10014,200906161545
3045,10014,200906161600
-8000,12,200906161615
2832,10014,200906161630
2933,10014,200906161645
2788,10014,200906161700
2644,10014,200906161715
2575,10014,200906161730
2495,10014,200906161745
2497,10014,200906161800
2359,10014,200906161815
2276,10014,200906161830
2206,10014,200906161845
2172,10014,200906161900
2196,10014,200906161915
2172,10014,200906161930
2080,10014,200906161945
2126,10014,200906162000
2090,10014,200906162015
2113,10014,200906162030
2056,10014,200906162045
2042,10014,200906162100
1950,10014,200906162115
1961,10014,200906162130
2018,10014,200906162145
1972,10014,200906162200
1912,10014,200906162215
1926,10014,200906162230
1841,10014,200906162245
1809,10014,200906162300
1841,10014,200906162315
1877,10014,200906162330
1831,10014,200906162345
1763,10014,200906170000
1774,10014,200906170015
1712,10014,200906170030
1712,10014,200906170045
1666,10014,200906170100
1606,10014,200906170115
1641,10014,200906170130
1560,10014,200906170145
1553,10014,200906170200
1590,10014,200906170215
1630,10014,200906170230
1553,10014,200906170245
1616,10014,200906170300
1641,10014,200906170315
1647,10014,200906170330
1654,10014,200906170345
1725,10014,200906170400
1816,10014,200906170415
1837,10014,200906170430
1958,10014,200906170445
2091,10014,200906170500
2192,10014,200906170515
2285,10014,200906170530
2424,10014,200906170545
2529,10014,200906170600
2712,10014,200906170615
2785,10014,200906170630
2864,10014,200906170645
3023,10014,200906170700
3104,10014,200906170715
3204,10014,200906170730
3356,10014,200906170745
3438,10014,200906170800
3534,10014,200906170815
3703,10014,200906170830
3807,10014,200906170845
3877,10014,200906170900
3969,10014,200906170915
3936,10014,200906170930
4140,10014,200906170945
4203,10014,200906171000
4171,10014,200906171015
4231,10014,200906171030
4304,10014,200906171045
4199,10014,200906171100
4211,10014,200906171115
4229,10014,200906171130
4211,10014,200906171145
4160,10014,200906171200
4098,10014,200906171215
-8000,12,200906171230
4062,10014,200906171245
3985,10014,200906171300
3982,10014,200906171315
-9999,-9999,200906171330
-9999,-9999,200906171345
-9999,-9999,200906171400
-9999,-9999,200906171415
-9999,-9999,200906171430
3523,10014,200906171445
3472,10014,200906171500
3420,10014,200906171515
-9999,-9999,200906171530
-9999,-9999,200906171545
-9999,-9999,200906171600
-9999,-9999,200906171615
2983,10014,200906171630
2817,10014,200906171645
2785,10014,200906171700
-8000,44,200906171715
-8000,44,200906171730
-8000,44,200906171745
-8000,44,200906171800
2435,10014,200906171815
-8000,60,200906171830
-8000,44,200906171845
-8000,60,200906171900
-8000,60,200906171915
-8000,44,200906171930
-8000,60,200906171945
2077,10014,200906172000
2052,10014,200906172015
-8000,60,200906172030
2163,10014,200906172045
-8000,60,200906172100
-8000,44,200906172115
-8000,60,200906172130
-8000,44,200906172145
-8000,44,200906172200
1935,10014,200906172215
-8000,60,200906172230
2122,10014,200906172245
2141,10014,200906172300
2059,10014,200906172315
1978,10014,200906172330
2035,10014,200906172345
2094,10014,200906180000
2037,10014,200906180015
1940,10014,200906180030
1982,10014,200906180045
1950,10014,200906180100
2005,10014,200906180115
1940,10014,200906180130
1968,10014,200906180145
1912,10014,200906180200
1843,10014,200906180215
1812,10014,200906180230
1770,10014,200906180245
1857,10014,200906180300
1724,10014,200906180315
1780,10014,200906180330
1894,10014,200906180345
1836,10014,200906180400
1949,10014,200906180415
2006,10014,200906180430
2103,10014,200906180445
2184,10014,200906180500
2299,10014,200906180515
2406,10014,200906180530
2473,10014,200906180545
2598,10014,200906180600
2677,10014,200906180615
2787,10014,200906180630
2876,10014,200906180645
2977,10014,200906180700
3118,10014,200906180715
3161,10014,200906180730
3288,10014,200906180745
3247,10014,200906180800
3417,10014,200906180815
3533,10014,200906180830
3473,10014,200906180845
-8000,44,200906180900
-8000,44,200906180915
3628,10014,200906180930
3886,10014,200906180945
-8000,44,200906181000
3897,10014,200906181015
3926,10014,200906181030
4116,10014,200906181045
4228,10014,200906181100
4153,10014,200906181115
4095,10014,200906181130
-8000,44,200906181145
3869,10014,200906181200
3732,10014,200906181215
4148,10014,200906181230
4014,10014,200906181245
4061,10014,200906181300
3922,10014,200906181315
3924,10014,200906181330
3926,10014,200906181345
3801,10014,200906181400
-9999,-9999,200906181415
-9999,-9999,200906181430
-9999,-9999,200906181445
-9999,-9999,200906181500
-9999,-9999,200906181515
-8000,44,200906181530
-8000,44,200906181545
-8000,44,200906181600
-8000,44,200906181615
-8000,44,200906181630
-8000,44,200906181645
-8000,44,200906181700
-8000,44,200906181715
-8000,44,200906181730
-8000,44,200906181745
-8000,44,200906181800
-8000,44,200906181815
-8000,44,200906181830
-8000,44,200906181845
-8000,44,200906181900
-8000,44,200906181915
-8000,44,200906181930
-8000,60,200906181945
2072,10014,200906182000
2010,10014,200906182015
2097,10014,200906182030
2193,10014,200906182045
2101,10014,200906182100
2137,10014,200906182115
2056,10014,200906182130
2041,10014,200906182145
2041,10014,200906182200
2099,10014,200906182215
2047,10014,200906182230
2029,10014,200906182245
2007,10014,200906182300
1702,10014,200906182315
1969,10014,200906182330
1933,10014,200906182345
1910,10014,200906190000
1854,10014,200906190015
1815,10014,200906190030
-8000,60,200906190045
1829,10014,200906190100
1900,10014,200906190115
1935,10014,200906190130
1889,10014,200906190145
-8000,60,200906190200
1266,10014,200906190215
1771,10014,200906190230
1960,10014,200906190245
1750,10014,200906190300
1731,10014,200906190315
1662,10014,200906190330
1714,10014,200906190345
1833,10014,200906190400
2058,10014,200906190415
2094,10014,200906190430
2156,10014,200906190445
2273,10014,200906190500
2307,10014,200906190515
2379,10014,200906190530
2459,10014,200906190545
2585,10014,200906190600
2675,10014,200906190615
2853,10014,200906190630
2900,10014,200906190645
3055,10014,200906190700
3166,10014,200906190715
3265,10014,200906190730
3219,10014,200906190745
3425,10014,200906190800
3566,10014,200906190815
3435,10014,200906190830
3385,10014,200906190845
-8000,44,200906190900
-8000,44,200906190915
-8000,44,200906190930
3621,10014,200906190945
3856,10014,200906191000
3821,10014,200906191015
3882,10014,200906191030
4015,10014,200906191045
4086,10014,200906191100
4228,10014,200906191115
4258,10014,200906191130
4207,10014,200906191145
4207,10014,200906191200
4186,10014,200906191215
4135,10014,200906191230
4062,10014,200906191245
3978,10014,200906191300
3885,10014,200906191315
3960,10014,200906191330
3981,10014,200906191345
3819,10014,200906191400
3841,10014,200906191415
3721,10014,200906191430
3609,10014,200906191445
3594,10014,200906191500
3590,10014,200906191515
-8000,44,200906191530
-8000,44,200906191545
-8000,44,200906191600
-8000,44,200906191615
-8000,44,200906191630
-8000,44,200906191645
-8000,44,200906191700
2719,10014,200906191715
2442,10014,200906191730
-8000,12,200906191745
2696,10014,200906191800
-8000,44,200906191815
-8000,44,200906191830
-8000,44,200906191845
-8000,44,200906191900
-8000,44,200906191915
-8000,44,200906191930
-8000,44,200906191945
-8000,44,200906192000
-8000,44,200906192015
-8000,44,200906192030
-8000,44,200906192045
-8000,44,200906192100
-8000,60,200906192115
-8000,60,200906192130
-8000,60,200906192145
-8000,44,200906192200
-8000,44,200906192215
-8000,44,200906192230
-8000,44,200906192245
-8000,60,200906192300
-8000,60,200906192315
-8000,60,200906192330
-8000,60,200906192345
2090,10014,200906200000
1898,10014,200906200015
1953,10014,200906200030
1977,10014,200906200045
2066,10014,200906200100
2103,10014,200906200115
2003,10014,200906200130
2035,10014,200906200145
2066,10014,200906200200
2003,10014,200906200215
1981,10014,200906200230
1967,10014,200906200245
1902,10014,200906200300
1920,10014,200906200315
1933,10014,200906200330
1867,10014,200906200345
1949,10014,200906200400
2119,10014,200906200415
2097,10014,200906200430
2176,10014,200906200445
2255,10014,200906200500
2521,10014,200906200515
2509,10014,200906200530
2707,10014,200906200545
2641,10014,200906200600
2643,10014,200906200615
-8000,44,200906200630
-8000,44,200906200645
-8000,44,200906200700
2633,10014,200906200715
-8000,44,200906200730
-8000,44,200906200745
-8000,44,200906200800
-8000,44,200906200815
-8000,44,200906200830
-8000,44,200906200845
-8000,44,200906200900
-8000,60,200906200915
-8000,44,200906200930
-8000,44,200906200945
-8000,44,200906201000
-8000,60,200906201015
-8000,60,200906201030
-8000,60,200906201045
-8000,60,200906201100
-8000,60,200906201115
-8000,60,200906201130
-8000,60,200906201145
-8000,60,200906201200
-8000,60,200906201215
-8000,44,200906201230
-8000,44,200906201245
-8000,44,200906201300
-8000,60,200906201315
-8000,60,200906201330
-8000,44,200906201345
-8000,44,200906201400
-8000,44,200906201415
-8000,44,200906201430
3166,10014,200906201445
-8000,44,200906201500
-8000,44,200906201515
-8000,44,200906201530
3149,10014,200906201545
2867,10014,200906201600
-8000,44,200906201615
-8000,12,200906201630
-8000,44,200906201645
-8000,44,200906201700
2732,10014,200906201715
-8000,44,200906201730
-8000,44,200906201745
-8000,44,200906201800
-8000,44,200906201815
-8000,44,200906201830
-8000,44,200906201845
-8000,44,200906201900
-8000,44,200906201915
-8000,60,200906201930
-8000,44,200906201945
-8000,44,200906202000
-8000,44,200906202015
-8000,44,200906202030
2076,10014,200906202045
-8000,60,200906202100
2020,10014,200906202115
1949,10014,200906202130
1835,10014,200906202145
1850,10014,200906202200
1960,10014,200906202215
1987,10014,200906202230
1998,10014,200906202245
1959,10014,200906202300
1966,10014,200906202315
-8000,44,200906202330
-8000,60,200906202345
-8000,60,200906210000
-8000,60,200906210015
-8000,60,200906210030
-8000,60,200906210045
-8000,60,200906210100
-8000,60,200906210115
-8000,60,200906210130
-8000,60,200906210145
-8000,60,200906210200
-8000,60,200906210215
-8000,60,200906210230
-8000,60,200906210245
-8000,60,200906210300
1656,10014,200906210315
1803,10014,200906210330
1747,10014,200906210345
1828,10014,200906210400
1734,10014,200906210415
-8000,60,200906210430
-8000,60,200906210445
-8000,60,200906210500
-8000,60,200906210515
2139,10014,200906210530
2181,10014,200906210545
2320,10014,200906210600
2313,10014,200906210615
2515,10014,200906210630
-8000,60,200906210645
-8000,60,200906210700
-8000,60,200906210715
-8000,60,200906210730
2493,10014,200906210745
2651,10014,200906210800
2831,10014,200906210815
2867,10014,200906210830
2930,10014,200906210845
2988,10014,200906210900
2786,10014,200906210915
-8000,44,200906210930
3018,10014,200906210945
3097,10014,200906211000
3218,10014,200906211015
3205,10014,200906211030
3149,10014,200906211045
-8000,44,200906211100
-8000,44,200906211115
3218,10014,200906211130
3202,10014,200906211145
3211,10014,200906211200
3103,10014,200906211215
3178,10014,200906211230
3192,10014,200906211245
3146,10014,200906211300
3230,10014,200906211315
3100,10014,200906211330
2675,10014,200906211345
-8000,60,200906211400
-8000,60,200906211415
2765,10014,200906211430
-8000,44,200906211445
-8000,44,200906211500
-8000,44,200906211515
2538,10014,200906211530
2772,10014,200906211545
2716,10014,200906211600
2587,10014,200906211615
2516,10014,200906211630
2467,10014,200906211645
-8000,44,200906211700
2107,10014,200906211715
2169,10014,200906211730
2090,10014,200906211745
2045,10014,200906211800
2076,10014,200906211815
-8000,60,200906211830
-8000,60,200906211845
-8000,60,200906211900
-8000,60,200906211915
-8000,60,200906211930
1268,10014,200906211945
-8000,60,200906212000
-8000,60,200906212015
-8000,60,200906212030
-8000,60,200906212045
-8000,60,200906212100
-8000,60,200906212115
-8000,44,200906212130
-8000,44,200906212145
-8000,44,200906212200
-8000,44,200906212215
-8000,60,200906212230
-8000,44,200906212245
-8000,60,200906212300
-8000,60,200906212315
-8000,44,200906212330
-8000,44,200906212345
1284,10014,200906220000
1329,10014,200906220015
1455,10014,200906220030
1553,10014,200906220045
1475,10014,200906220100
1539,10014,200906220115
-9999,-9999,200906220130
-9999,-9999,200906220145
-9999,-9999,200906220200
-9999,-9999,200906220215
-9999,-9999,200906220230
-9999,-9999,200906220245
-9999,-9999,200906220300
-9999,-9999,200906220315
-9999,-9999,200906220330
-9999,-9999,200906220345
-9999,-9999,200906220400
-9999,-9999,200906220415
-9999,-9999,200906220430
-9999,-9999,200906220445
-9999,-9999,200906220500
-9999,-9999,200906220515
-9999,-9999,200906220530
-9999,-9999,200906220545
-9999,-9999,200906220600
-9999,-9999,200906220615
-9999,-9999,200906220630
-9999,-9999,200906220645
-9999,-9999,200906220700
-9999,-9999,200906220715
-9999,-9999,200906220730
-9999,-9999,200906220745
-9999,-9999,200906220800
-9999,-9999,200906220815
-8000,60,200906220830
-8000,60,200906220845
-8000,60,200906220900
-8000,60,200906220915
-8000,60,200906220930
-8000,60,200906220945
-8000,60,200906221000
-8000,60,200906221015
-8000,60,200906221030
-8000,60,200906221045
-8000,60,200906221100
-8000,60,200906221115
-8000,60,200906221130
-8000,60,200906221145
-8000,60,200906221200
-8000,60,200906221215
-8000,60,200906221230
-8000,60,200906221245
-8000,60,200906221300
-8000,60,200906221315
-8000,60,200906221330
-8000,60,200906221345
-8000,44,200906221400
-8000,60,200906221415
-8000,60,200906221430
-8000,60,200906221445
-8000,60,200906221500
-8000,60,200906221515
-8000,60,200906221530
-8000,60,200906221545
-8000,60,200906221600
-8000,60,200906221615
-8000,60,200906221630
-8000,60,200906221645
-8000,44,200906221700
-8000,60,200906221715
1928,10014,200906221730
1868,10014,200906221745
1709,10014,200906221800
1597,10014,200906221815
1447,10014,200906221830
-8000,60,200906221845
-8000,44,200906221900
-8000,44,200906221915
-8000,60,200906221930
-8000,60,200906221945
-8000,60,200906222000
-8000,60,200906222015
-8000,60,200906222030
-8000,60,200906222045
-8000,60,200906222100
-8000,60,200906222115
-8000,60,200906222130
-8000,60,200906222145
-8000,60,200906222200
-8000,44,200906222215
-8000,60,200906222230
-8000,60,200906222245
-8000,60,200906222300
-8000,60,200906222315
-8000,60,200906222330
-8000,60,200906222345
-8000,60,200906230000
-8000,60,200906230015
-8000,44,200906230030
-8000,44,200906230045
1428,10014,200906230100
1342,10014,200906230115
1375,10014,200906230130
1318,10014,200906230145
925,10014,200906230200
1256,10014,200906230215
1262,10014,200906230230
1301,10014,200906230245
1308,10014,200906230300
1327,10014,200906230315
1213,10014,200906230330
1237,10014,200906230345
-8000,60,200906230400
-8000,60,200906230415
-8000,60,200906230430
-8000,60,200906230445
-8000,60,200906230500
1653,10014,200906230515
1684,10014,200906230530
1825,10014,200906230545
1824,10014,200906230600
1896,10014,200906230615
2052,10014,200906230630
2189,10014,200906230645
2226,10014,200906230700
2391,10014,200906230715
2494,10014,200906230730
2541,10014,200906230745
2603,10014,200906230800
-8000,44,200906230815
-8000,44,200906230830
-8000,44,200906230845
-8000,44,200906230900
-8000,12,200906230915
-8000,44,200906230930
-8000,44,200906230945
-8000,44,200906231000
-8000,44,200906231015
-8000,44,200906231030
-8000,44,200906231045
2600,10014,200906231100
-8000,44,200906231115
-8000,60,200906231130
-8000,60,200906231145
-8000,60,200906231200
-8000,44,200906231215
-8000,44,200906231230
-8000,60,200906231245
-8000,60,200906231300
-8000,60,200906231315
-8000,60,200906231330
-8000,60,200906231345
-8000,60,200906231400
-8000,60,200906231415
-8000,60,200906231430
-8000,60,200906231445
-8000,44,200906231500
-8000,60,200906231515
-8000,60,200906231530
-8000,44,200906231545
-8000,44,200906231600
-8000,44,200906231615
-8000,44,200906231630
-8000,60,200906231645
-8000,60,200906231700
-8000,60,200906231715
-8000,60,200906231730
-8000,60,200906231745
-8000,60,200906231800
-8000,60,200906231815
-8000,60,200906231830
-8000,60,200906231845
1455,10014,200906231900
1360,10014,200906231915
1481,10014,200906231930
-8000,44,200906231945
-8000,44,200906232000
-8000,60,200906232015
1265,10014,200906232030
1423,10014,200906232045
1399,10014,200906232100
1373,10014,200906232115
1362,10014,200906232130
1315,10014,200906232145
1253,10014,200906232200
1245,10014,200906232215
1294,10014,200906232230
1283,10014,200906232245
1271,10014,200906232300
-8000,60,200906232315
-8000,60,200906232330
-8000,60,200906232345
-8000,60,200906240000
1157,10014,200906240015
1368,10014,200906240030
-8000,44,200906240045
-8000,60,200906240100
-8000,60,200906240115
-8000,44,200906240130
-8000,44,200906240145
-8000,44,200906240200
-8000,44,200906240215
-8000,44,200906240230
-8000,60,200906240245
-8000,60,200906240300
-8000,60,200906240315
-8000,60,200906240330
-8000,60,200906240345
-8000,44,200906240400
-8000,44,200906240415
-8000,60,200906240430
-8000,44,200906240445
-8000,44,200906240500
1821,10014,200906240515
-8000,44,200906240530
-8000,44,200906240545
-8000,44,200906240600
-8000,44,200906240615
-8000,44,200906240630
-8000,44,200906240645
-8000,44,200906240700
-8000,44,200906240715
-8000,44,200906240730
-8000,12,200906240745
-8000,44,200906240800
-8000,44,200906240815
-8000,44,200906240830
-8000,44,200906240845
-8000,44,200906240900
-8000,60,200906240915
-8000,60,200906240930
-8000,44,200906240945
-8000,44,200906241000
-8000,44,200906241015
3074,10014,200906241030
2913,10014,200906241045
-8000,44,200906241100
-8000,44,200906241115
-8000,60,200906241130
-8000,60,200906241145
-8000,60,200906241200
-8000,60,200906241215
-8000,44,200906241230
-8000,44,200906241245
-8000,44,200906241300
-8000,44,200906241315
-8000,60,200906241330
-8000,44,200906241345
-8000,12,200906241400
-8000,44,200906241415
-8000,60,200906241430
-8000,44,200906241445
-8000,60,200906241500
-8000,60,200906241515
-8000,60,200906241530
-8000,60,200906241545
-8000,44,200906241600
-8000,44,200906241615
-8000,44,200906241630
2129,10014,200906241645
2143,10014,200906241700
-8000,44,200906241715
-8000,44,200906241730
-8000,44,200906241745
-8000,44,200906241800
-8000,60,200906241815
-8000,60,200906241830
-8000,60,200906241845
1358,10014,200906241900
1357,10014,200906241915
-8000,44,200906241930
-8000,44,200906241945
1491,10014,200906242000
1395,10014,200906242015
-8000,60,200906242030
-8000,60,200906242045
-8000,60,200906242100
-8000,60,200906242115
-8000,60,200906242130
-8000,60,200906242145
-8000,60,200906242200
-8000,60,200906242215
-8000,60,200906242230
1494,10014,200906242245
1674,10014,200906242300
1179,10014,200906242315
-8000,60,200906242330
-8000,60,200906242345
1592,10014,200906250000
1603,10014,200906250015
1665,10014,200906250030
1703,10014,200906250045
1563,10014,200906250100
-8000,60,200906250115
1342,10014,200906250130
1698,10014,200906250145
1630,10014,200906250200
1640,10014,200906250215
1555,10014,200906250230
1576,10014,200906250245
1591,10014,200906250300
1469,10014,200906250315
1601,10014,200906250330
1551,10014,200906250345
1577,10014,200906250400
1591,10014,200906250415
1712,10014,200906250430
-8000,60,200906250445
-8000,60,200906250500
-8000,60,200906250515
-8000,60,200906250530
-8000,60,200906250545
-8000,60,200906250600
2072,10014,200906250615
2203,10014,200906250630
2415,10014,200906250645
2465,10014,200906250700
2532,10014,200906250715
-8000,12,200906250730
2557,10014,200906250745
2708,10014,200906250800
2744,10014,200906250815
2606,10014,200906250830
2744,10014,200906250845
2822,10014,200906250900
-8000,44,200906250915
-8000,44,200906250930
-8000,60,200906250945
-8000,60,200906251000
-8000,60,200906251015
-8000,44,200906251030
-8000,44,200906251045
-8000,44,200906251100
-8000,44,200906251115
3474,10014,200906251130
3457,10014,200906251145
3571,10014,200906251200
3371,10014,200906251215
3529,10014,200906251230
3474,10014,200906251245
3455,10014,200906251300
3400,10014,200906251315
3319,10014,200906251330
3375,10014,200906251345
3440,10014,200906251400
-8000,44,200906251415
3092,10014,200906251430
3147,10014,200906251445
-8000,44,200906251500
-8000,60,200906251515
-8000,60,200906251530
-8000,60,200906251545
-8000,44,200906251600
-8000,60,200906251615
-8000,60,200906251630
-8000,44,200906251645
-8000,44,200906251700
-8000,60,200906251715
-8000,60,200906251730
-8000,60,200906251745
-8000,60,200906251800
-8000,60,200906251815
-8000,60,200906251830
-8000,60,200906251845
-8000,60,200906251900
-8000,60,200906251915
-8000,60,200906251930
-8000,60,200906251945
-8000,60,200906252000
-8000,44,200906252015
-8000,44,200906252030
-8000,44,200906252045
-8000,60,200906252100
1613,10014,200906252115
1653,10014,200906252130
-8000,44,200906252145
1707,10014,200906252200
1811,10014,200906252215
1851,10014,200906252230
1766,10014,200906252245
-8000,44,200906252300
-8000,44,200906252315
-8000,44,200906252330
1513,10014,200906252345
-8000,60,200906260000
-8000,60,200906260015
1701,10014,200906260030
1712,10014,200906260045
1667,10014,200906260100
1593,10014,200906260115
1732,10014,200906260130
1711,10014,200906260145
1542,10014,200906260200
1463,10014,200906260215
1248,10014,200906260230
-8000,60,200906260245
-8000,60,200906260300
-8000,60,200906260315
1781,10014,200906260330
1721,10014,200906260345
1672,10014,200906260400
1760,10014,200906260415
1843,10014,200906260430
1973,10014,200906260445
2026,10014,200906260500
2016,10014,200906260515
2288,10014,200906260530
2204,10014,200906260545
2253,10014,200906260600
2356,10014,200906260615
2418,10014,200906260630
2497,10014,200906260645
2464,10014,200906260700
2440,10014,200906260715
2451,10014,200906260730
2476,10014,200906260745
2591,10014,200906260800
2753,10014,200906260815
-8000,44,200906260830
-8000,44,200906260845
-8000,44,200906260900
2786,10014,200906260915
3167,10014,200906260930
3187,10014,200906260945
3332,10014,200906261000
3383,10014,200906261015
3381,10014,200906261030
3489,10014,200906261045
3564,10014,200906261100
3561,10014,200906261115
3486,10014,200906261130
3459,10014,200906261145
3545,10014,200906261200
3564,10014,200906261215
3529,10014,200906261230
3512,10014,200906261245
3368,10014,200906261300
3469,10014,200906261315
3413,10014,200906261330
3371,10014,200906261345
3306,10014,200906261400
3308,10014,200906261415
3164,10014,200906261430
3084,10014,200906261445
3009,10014,200906261500
2985,10014,200906261515
2965,10014,200906261530
2863,10014,200906261545
2865,10014,200906261600
2692,10014,200906261615
2651,10014,200906261630
2603,10014,200906261645
2454,10014,200906261700
2396,10014,200906261715
2301,10014,200906261730
2253,10014,200906261745
2196,10014,200906261800
2185,10014,200906261815
2133,10014,200906261830
2006,10014,200906261845
1967,10014,200906261900
1956,10014,200906261915
1896,10014,200906261930
1886,10014,200906261945
1886,10014,200906262000
1886,10014,200906262015
1871,10014,200906262030
1846,10014,200906262045
1751,10014,200906262100
1737,10014,200906262115
1797,10014,200906262130
1782,10014,200906262145
1768,10014,200906262200
1733,10014,200906262215
1782,10014,200906262230
1698,10014,200906262245
1663,10014,200906262300
1712,10014,200906262315
1652,10014,200906262330
1711,10014,200906262345
1507,10014,200906270000
-8000,60,200906270015
1595,10014,200906270030
-8000,60,200906270045
1536,10014,200906270100
1656,10014,200906270115
-8000,60,200906270130
1540,10014,200906270145
1665,10014,200906270200
1417,10014,200906270215
1490,10014,200906270230
-8000,60,200906270245
-8000,60,200906270300
-8000,60,200906270315
-8000,44,200906270330
-8000,44,200906270345
-8000,60,200906270400
-8000,60,200906270415
-8000,60,200906270430
-8000,60,200906270445
1924,10014,200906270500
-8000,60,200906270515
1729,10014,200906270530
-8000,44,200906270545
-8000,44,200906270600
1902,10014,200906270615
-8000,44,200906270630
-8000,44,200906270645
-8000,44,200906270700
-8000,44,200906270715
-8000,44,200906270730
-8000,44,200906270745
-8000,44,200906270800
-8000,44,200906270815
-8000,44,200906270830
-8000,44,200906270845
-8000,44,200906270900
-8000,44,200906270915
-8000,44,200906270930
2694,10014,200906270945
3012,10014,200906271000
3179,10014,200906271015
3107,10014,200906271030
-8000,44,200906271045
-8000,44,200906271100
-8000,44,200906271115
3440,10014,200906271130
3408,10014,200906271145
3265,10014,200906271200
3087,10014,200906271215
3016,10014,200906271230
3047,10014,200906271245
3155,10014,200906271300
-8000,44,200906271315
3036,10014,200906271330
3012,10014,200906271345
2900,10014,200906271400
-8000,44,200906271415
-8000,44,200906271430
-8000,44,200906271445
2966,10014,200906271500
2944,10014,200906271515
2878,10014,200906271530
2854,10014,200906271545
2727,10014,200906271600
-8000,44,200906271615
2717,10014,200906271630
2682,10014,200906271645
2464,10014,200906271700
2569,10014,200906271715
2415,10014,200906271730
2336,10014,200906271745
2217,10014,200906271800
2136,10014,200906271815
2052,10014,200906271830
2002,10014,200906271845
1991,10014,200906271900
1945,10014,200906271915
1956,10014,200906271930
2037,10014,200906271945
1906,10014,200906272000
1916,10014,200906272015
1846,10014,200906272030
1892,10014,200906272045
1786,10014,200906272100
1821,10014,200906272115
1855,10014,200906272130
1590,10014,200906272145
1765,10014,200906272200
1837,10014,200906272215
1795,10014,200906272230
1865,10014,200906272245
1756,10014,200906272300
1644,10014,200906272315
1815,10014,200906272330
1841,10014,200906272345
1767,10014,200906280000
1817,10014,200906280015
1710,10014,200906280030
1660,10014,200906280045
1745,10014,200906280100
1755,10014,200906280115
1710,10014,200906280130
1745,10014,200906280145
1696,10014,200906280200
1660,10014,200906280215
1685,10014,200906280230
1636,10014,200906280245
1694,10014,200906280300
1645,10014,200906280315
1645,10014,200906280330
1729,10014,200906280345
1729,10014,200906280400
1693,10014,200906280415
1924,10014,200906280430
1925,10014,200906280445
-8000,44,200906280500
-8000,44,200906280515
2128,10014,200906280530
2142,10014,200906280545
2464,10014,200906280600
2393,10014,200906280615
2520,10014,200906280630
2566,10014,200906280645
2672,10014,200906280700
2612,10014,200906280715
2753,10014,200906280730
2880,10014,200906280745
-8000,44,200906280800
-8000,44,200906280815
-8000,44,200906280830
-8000,60,200906280845
-8000,60,200906280900
-8000,60,200906280915
-8000,60,200906280930
-8000,60,200906280945
-8000,60,200906281000
-8000,60,200906281015
-8000,44,200906281030
-8000,44,200906281045
-8000,44,200906281100
-8000,44,200906281115
-8000,12,200906281130
-8000,44,200906281145
-8000,44,200906281200
-8000,44,200906281215
-8000,44,200906281230
-8000,44,200906281245
-8000,44,200906281300
-8000,44,200906281315
-8000,44,200906281330
-8000,60,200906281345
-8000,60,200906281400
-8000,44,200906281415
-8000,44,200906281430
-8000,60,200906281445
-8000,60,200906281500
-8000,60,200906281515
-8000,60,200906281530
-8000,60,200906281545
-8000,60,200906281600
-8000,60,200906281615
-8000,60,200906281630
-8000,60,200906281645
-8000,60,200906281700
-8000,44,200906281715
-8000,60,200906281730
-8000,60,200906281745
-8000,60,200906281800
-8000,60,200906281815
-8000,60,200906281830
-8000,44,200906281845
-8000,44,200906281900
1822,10014,200906281915
1885,10014,200906281930
-8000,44,200906281945
-8000,44,200906282000
1900,10014,200906282015
1850,10014,200906282030
1776,10014,200906282045
1811,10014,200906282100
1732,10014,200906282115
1756,10014,200906282130
1726,10014,200906282145
1584,10014,200906282200
1711,10014,200906282215
1756,10014,200906282230
1662,10014,200906282245
1662,10014,200906282300
1643,10014,200906282315
1349,10014,200906282330
1717,10014,200906282345
1611,10014,200906290000
1677,10014,200906290015
1558,10014,200906290030
-8000,44,200906290045
-8000,44,200906290100
-8000,44,200906290115
-8000,60,200906290130
-8000,44,200906290145
1446,10014,200906290200
-8000,60,200906290215
-8000,60,200906290230
-8000,60,200906290245
-8000,44,200906290300
1702,10014,200906290315
1692,10014,200906290330
-8000,12,200906290345
1762,10014,200906290400
1717,10014,200906290415
1856,10014,200906290430
1929,10014,200906290445
1987,10014,200906290500
1882,10014,200906290515
1977,10014,200906290530
2082,10014,200906290545
2189,10014,200906290600
2297,10014,200906290615
2368,10014,200906290630
2498,10014,200906290645
2615,10014,200906290700
2682,10014,200906290715
2810,10014,200906290730
2879,10014,200906290745
3004,10014,200906290800
2982,10014,200906290815
3028,10014,200906290830
-8000,44,200906290845
2929,10014,200906290900
3174,10014,200906290915
-8000,44,200906290930
-8000,44,200906290945
-8000,44,200906291000
-8000,44,200906291015
-8000,44,200906291030
-8000,44,200906291045
-8000,44,200906291100
-8000,44,200906291115
-8000,44,200906291130
-8000,44,200906291145
-8000,44,200906291200
-8000,44,200906291215
-8000,60,200906291230
-8000,60,200906291245
-8000,60,200906291300
-8000,60,200906291315
-8000,60,200906291330
-8000,60,200906291345
-8000,60,200906291400
-8000,60,200906291415
-8000,60,200906291430
-8000,60,200906291445
-8000,60,200906291500
-8000,60,200906291515
-8000,12,200906291530
-8000,60,200906291545
-8000,60,200906291600
-8000,60,200906291615
-8000,60,200906291630
-8000,60,200906291645
-8000,60,200906291700
-8000,60,200906291715
-8000,60,200906291730
-8000,60,200906291745
-8000,12,200906291800
-8000,60,200906291815
-8000,60,200906291830
-8000,60,200906291845
-8000,60,200906291900
-8000,44,200906291915
-8000,44,200906291930
-8000,44,200906291945
-8000,44,200906292000
-8000,44,200906292015
-8000,60,200906292030
-8000,44,200906292045
-8000,44,200906292100
-8000,44,200906292115
-8000,44,200906292130
-8000,44,200906292145
-8000,44,200906292200
-8000,44,200906292215
-8000,44,200906292230
-8000,44,200906292245
1905,10014,200906292300
1895,10014,200906292315
1836,10014,200906292330
1895,10014,200906292345
1837,10014,200906300000
1837,10014,200906300015
1777,10014,200906300030
1777,10014,200906300045
1826,10014,200906300100
1766,10014,200906300115
1711,10014,200906300130
1756,10014,200906300145
1791,10014,200906300200
1697,10014,200906300215
1791,10014,200906300230
1683,10014,200906300245
1791,10014,200906300300
1731,10014,200906300315
1697,10014,200906300330
1742,10014,200906300345
1756,10014,200906300400
1812,10014,200906300415
1885,10014,200906300430
1906,10014,200906300445
2011,10014,200906300500
2080,10014,200906300515
2126,10014,200906300530
2303,10014,200906300545
2289,10014,200906300600
2413,10014,200906300615
2461,10014,200906300630
2541,10014,200906300645
2685,10014,200906300700
2664,10014,200906300715
2764,10014,200906300730
2886,10014,200906300745
3072,10014,200906300800
3060,10014,200906300815
3238,10014,200906300830
3280,10014,200906300845
3448,10014,200906300900
3485,10014,200906300915
3574,10014,200906300930
3603,10014,200906300945
3658,10014,200906301000
3690,10014,200906301015
3745,10014,200906301030
3694,10014,200906301045
3485,10014,200906301100
-8000,44,200906301115
-8000,44,200906301130
3587,10014,200906301145
3931,10014,200906301200
3587,10014,200906301215
-8000,44,200906301230
-8000,60,200906301245
-8000,60,200906301300
-8000,60,200906301315
-8000,60,200906301330
-8000,44,200906301345
-8000,44,200906301400
-8000,44,200906301415
-8000,60,200906301430
-8000,44,200906301445
-8000,60,200906301500
-8000,60,200906301515
-8000,44,200906301530
-8000,60,200906301545
-8000,60,200906301600
-8000,60,200906301615
-8000,60,200906301630
-8000,60,200906301645
-8000,12,200906301700
-8000,60,200906301715
-8000,60,200906301730
-8000,44,200906301745
-8000,44,200906301800
-8000,44,200906301815
-8000,44,200906301830
-8000,44,200906301845
-8000,44,200906301900
-8000,44,200906301915
-8000,44,200906301930
-8000,44,200906301945
-8000,44,200906302000
-8000,44,200906302015
-8000,44,200906302030
-8000,44,200906302045
-8000,44,200906302100
-8000,44,200906302115
1654,10014,200906302130
1975,10014,200906302145
-8000,44,200906302200
1802,10014,200906302215
2070,10014,200906302230
1980,10014,200906302245
1934,10014,200906302300
1885,10014,200906302315
1846,10014,200906302330
1854,10014,200906302345
